{
  "healing3": {
    "text": "fuga",
    "on": false,
    "title": "HP%",
    "min": 0,
    "max": 80
  },
  "autoManaItemPanel1": {
    "item": 268,
    "min": 0,
    "max": 60
  },
  "terminalLines": "\n> print(\"oi\")\n> oi\n> =getPlayers()\n> 19\n> 2\n> 3",
  "autoHealthItemPanel2": {
    "item": 266,
    "min": 0,
    "max": 60
  },
  "hasteSpell": "concentrate chakra feet",
  "healing4": {
    "text": "fuga",
    "on": false,
    "title": "HP%",
    "min": 0,
    "max": 70
  },
  "antiParalyze": "concentrate chakra feet",
  "buff2": "buff 2",
  "custom": {
    "esWindow": {
      "type": "min",
      "combo": {
        "index": 1,
        "spells": [

        ],
        "enabled": false
      },
      "position": {
        "y": 0,
        "x": 0
      },
      "enabled": true
    },
    "outfitChanger": {
      "id": 609,
      "enabled": true
    },
    "hud": {
      "deathList": [

      ],
      "enabled": true
    },
    "kill_rabbit": {
      "distance": 10,
      "enabled": true,
      "spells": [

      ],
      "friendly": true
    },
    "cosmWindow": {
      "type": "min",
      "position": {
        "y": 0,
        "x": 0
      },
      "enabled": true
    },
    "miscWindow": {
      "type": "min",
      "position": {
        "y": 0,
        "x": 0
      },
      "enabled": true
    },
    "quickloot": true,
    "moveTerminal": {
      "enabled": false
    },
    "xray": {
      "enabled": false
    },
    "walk_effect": {
      "id": 5,
      "enabled": true
    },
    "Editor": "macro(1, \"teste\", function() end)",
    "terminal": {
      "position": {
        "y": 59,
        "x": 1061
      },
      "enabled": true
    },
    "shader": {
      "enabled": true,
      "shader": "White"
    }
  },
  "_configs": {
    "/default/cavebot_configs": {
      "enabled": false
    },
    "/default/targetbot_configs": {
      "enabled": false
    }
  },
  "beastiary": [
    {
      "name": "Beezer",
      "count": 0,
      "pos": {
        "y": 922,
        "x": 1007,
        "z": 8
      },
      "loot": [

      ],
      "outfit": 263
    },
    {
      "name": "Trainer",
      "count": 0,
      "pos": {
        "y": 922,
        "x": 995,
        "z": 5
      },
      "loot": [

      ],
      "outfit": 148
    },
    {
      "name": "Primeiro Hokage",
      "count": 0,
      "pos": {
        "y": 918,
        "x": 988,
        "z": 7
      },
      "loot": [

      ],
      "outfit": 549
    },
    {
      "name": "Idibiks",
      "count": 0,
      "pos": {
        "y": 935,
        "x": 1015,
        "z": 7
      },
      "loot": [

      ],
      "outfit": 289
    },
    {
      "name": "Bull",
      "count": 0,
      "pos": {
        "y": 935,
        "x": 1017,
        "z": 7
      },
      "loot": [

      ],
      "outfit": 235
    }
  ],
  "manaShield": "utamo vita",
  "buff": "buff",
  "_macros": {
    "": false
  },
  "manatrainer": {
    "text": "Power Down",
    "on": false,
    "title": "mana%",
    "min": 0,
    "max": 90
  },
  "autoHealthPanel1": {
    "text": "exura",
    "item": 266,
    "min": 20,
    "max": 80
  },
  "foodItems": [
    {
      "id": 3582,
      "count": 1
    },
    {
      "id": 3577,
      "count": 1
    }
  ],
  "healing6": {
    "text": "fuga",
    "on": false,
    "title": "HP%",
    "min": 0,
    "max": 30
  },
  "healing5": {
    "text": "fuga",
    "on": false,
    "title": "HP%",
    "min": 0,
    "max": 50
  },
  "autoHealthItemPanel1": {
    "item": 266,
    "min": 0,
    "max": 60
  }
}